year,m_n,m_rate,f_n,f_rate
2021,3.40,85.86,4.66,118.46
2022,4.67,97.28,5.90,114.52
2023,4.80,98.05,6.09,115.69
2024,4.94,98.82,6.28,116.87
2025,5.07,99.60,6.47,118.06
2026,5.21,100.38,6.67,119.26
2027,5.36,101.17,6.88,120.48
2028,5.51,101.97,7.09,121.70
2029,5.66,102.77,7.32,122.94
2030,5.82,103.58,7.54,124.20
2031,5.98,104.40,7.78,125.46
2032,6.14,105.22,8.01,126.74
2033,6.30,106.05,8.25,128.03
2034,6.47,106.88,8.50,129.33
2035,6.63,107.72,8.75,130.65
2036,6.80,108.57,9.00,131.98
2037,6.96,109.43,9.24,133.33
2038,7.12,110.29,9.48,134.68
2039,7.27,111.15,9.71,136.05
2040,7.43,112.03,9.95,137.44
2041,7.58,112.91,10.19,138.84
2042,7.74,113.80,10.42,140.25
2043,7.90,114.69,10.66,141.68
2044,8.05,115.59,10.89,143.12
2045,8.21,116.50,11.13,144.58
2046,8.37,117.42,11.36,146.05
2047,8.53,118.34,11.60,147.53
2048,8.69,119.27,11.84,149.04
2049,8.86,120.21,12.08,150.55
2050,9.02,121.16,12.32,152.08
